,City,Cloudiness,Country,Date,Humidity,Lat,Lng,Max Temp,Wind Speed
0,mar del plata,54,AR,2020-04-03 02:29:35,72,-38.0,-57.56,61.0,6.93
1,praia da vitoria,40,PT,2020-04-03 02:30:33,87,38.73,-27.07,60.8,16.98
2,clyde river,1,CA,2020-04-03 02:30:33,69,70.47,-68.59,-13.0,6.93
3,punta arenas,20,CL,2020-04-03 02:29:29,81,-53.15,-70.92,48.2,16.11
4,hobart,75,AU,2020-04-03 02:30:02,55,-42.88,147.33,66.99,8.05
5,alyangula,32,AU,2020-04-03 02:30:33,59,-13.85,136.42,89.6,10.29
6,port alfred,0,ZA,2020-04-03 02:30:33,91,-33.59,26.89,60.01,3.0
7,rikitea,16,PF,2020-04-03 02:30:33,74,-23.12,-134.97,77.4,10.31
8,jedrzejow,13,PL,2020-04-03 02:30:33,41,50.64,20.3,37.99,5.01
9,avarua,90,CK,2020-04-03 02:30:34,94,-21.21,-159.78,77.0,3.36
10,lorengau,66,PG,2020-04-03 02:30:34,74,-2.02,147.27,84.15,10.47
11,mandalgarh,0,IN,2020-04-03 02:30:34,23,25.2,75.1,78.12,7.61
12,katsuura,40,JP,2020-04-03 02:30:34,35,35.13,140.3,64.0,8.05
13,haines junction,7,CA,2020-04-03 02:30:34,84,60.75,-137.51,21.42,1.95
14,pevek,100,RU,2020-04-03 02:30:34,94,69.7,170.31,8.22,10.18
15,saint-francois,0,FR,2020-04-03 02:30:34,86,46.42,3.91,30.2,2.28
16,west freehold,90,US,2020-04-03 02:30:34,40,40.24,-74.3,52.0,24.16
17,buraydah,4,SA,2020-04-03 02:30:34,39,26.33,43.98,66.2,12.75
18,fairbanks,90,US,2020-04-03 02:30:34,50,64.84,-147.72,37.4,2.28
19,ushuaia,75,AR,2020-04-03 02:30:34,76,-54.8,-68.3,51.8,13.87
20,castro,91,BR,2020-04-03 02:28:22,71,-24.79,-50.01,64.36,6.58
21,townsville,20,AU,2020-04-03 02:30:35,58,-19.25,146.8,86.0,13.87
22,beloha,1,MG,2020-04-03 02:30:35,74,-25.17,45.05,66.58,12.46
23,calnali,61,MX,2020-04-03 02:30:35,66,20.92,-98.58,68.16,4.54
24,vaini,75,TO,2020-04-03 02:30:35,88,-21.2,-175.2,77.0,9.17
25,busselton,46,AU,2020-04-03 02:30:35,32,-33.65,115.33,66.99,5.37
26,northam,78,GB,2020-04-03 02:30:35,94,51.03,-4.22,48.99,8.01
27,jamestown,1,US,2020-04-03 02:26:34,52,42.1,-79.24,43.0,18.34
28,tasiilaq,2,GL,2020-04-03 02:30:35,67,65.61,-37.64,19.4,6.93
29,tuktoyaktuk,20,CA,2020-04-03 02:30:35,65,69.45,-133.04,8.6,26.4
30,kapaa,1,US,2020-04-03 02:30:36,74,22.08,-159.32,79.0,11.41
31,nuuk,0,GL,2020-04-03 02:30:36,61,64.18,-51.72,15.8,19.46
32,nikolskoye,75,RU,2020-04-03 02:30:36,89,59.7,30.79,41.0,11.18
33,manzhouli,0,CN,2020-04-03 02:28:10,43,49.6,117.43,35.4,20.42
34,bethel,90,US,2020-04-03 02:30:36,61,41.37,-73.41,51.01,19.46
35,krasnaya gora,0,RU,2020-04-03 02:30:36,64,53.0,31.6,39.2,11.18
36,tura,3,IN,2020-04-03 02:30:36,39,25.52,90.22,84.04,4.76
37,port elizabeth,0,ZA,2020-04-03 02:30:04,87,-33.92,25.57,60.8,4.7
38,korla,100,CN,2020-04-03 02:30:36,24,41.76,86.15,52.7,5.97
39,arraial do cabo,0,BR,2020-04-03 02:30:36,94,-22.97,-42.03,77.0,5.82
40,torbay,90,CA,2020-04-03 02:30:37,100,47.67,-52.73,37.99,14.99
41,qingdao,0,CN,2020-04-03 02:30:37,47,36.1,120.37,57.2,2.24
42,puerto ayora,97,EC,2020-04-03 02:30:37,80,-0.74,-90.35,81.0,3.0
43,port hardy,75,CA,2020-04-03 02:30:37,56,50.7,-127.42,41.0,9.17
44,pafos,90,CY,2020-04-03 02:30:37,77,34.77,32.42,62.6,10.29
45,bredasdorp,0,ZA,2020-04-03 02:30:37,93,-34.53,20.04,53.6,1.12
46,konstantinovskiy,90,RU,2020-04-03 02:30:37,86,57.83,39.59,37.4,8.95
47,sioux lookout,90,CA,2020-04-03 02:30:37,39,50.1,-91.92,46.4,5.82
48,airai,23,TL,2020-04-03 02:30:37,52,-8.93,125.41,73.58,3.0
49,kodiak,90,US,2020-04-03 02:30:37,75,57.79,-152.41,42.8,5.82
50,pervomayskiy,0,RU,2020-04-03 02:30:37,88,53.25,40.29,32.52,7.9
51,hambantota,16,LK,2020-04-03 02:30:38,100,6.12,81.12,71.6,1.12
52,chuy,92,UY,2020-04-03 02:30:38,79,-33.7,-53.46,65.37,26.24
53,halifax,90,CA,2020-04-03 02:27:12,100,44.65,-63.57,46.99,26.4
54,dikson,100,RU,2020-04-03 02:30:38,96,73.51,80.55,17.47,10.76
55,bratsk,0,RU,2020-04-03 02:30:38,35,56.13,101.61,42.8,8.95
56,rorvik,100,NO,2020-04-03 02:30:38,87,64.86,11.24,33.12,27.29
57,cape town,0,ZA,2020-04-03 02:28:42,87,-33.93,18.42,66.99,4.7
58,vila franca do campo,40,PT,2020-04-03 02:30:38,100,37.72,-25.43,60.8,11.41
59,albany,90,US,2020-04-03 02:30:08,70,42.6,-73.97,44.6,13.87
60,buala,100,SB,2020-04-03 02:30:38,81,-8.14,159.59,81.27,15.77
61,gubkinskiy,100,RU,2020-04-03 02:30:38,95,64.43,76.5,23.67,20.67
62,saint-pierre,75,RE,2020-04-03 02:30:38,88,-21.34,55.48,73.4,3.36
63,varhaug,75,NO,2020-04-03 02:30:39,80,58.61,5.65,35.6,24.16
64,limoges,0,FR,2020-04-03 02:30:39,69,45.75,1.33,39.99,4.7
65,bluff,61,NZ,2020-04-03 02:30:39,78,-46.6,168.33,60.01,5.01
66,henties bay,8,NA,2020-04-03 02:30:39,58,-22.12,14.28,67.53,2.68
67,celestun,4,MX,2020-04-03 02:30:39,79,20.87,-90.4,79.57,16.87
68,port hawkesbury,90,CA,2020-04-03 02:30:39,100,45.62,-61.35,42.01,19.46
69,lompoc,0,US,2020-04-03 02:26:41,62,34.64,-120.46,64.0,13.87
70,cherskiy,100,RU,2020-04-03 02:30:39,93,68.75,161.3,4.35,9.35
71,baybay,25,PH,2020-04-03 02:30:39,64,10.68,124.83,85.69,7.05
72,qaanaaq,0,GL,2020-04-03 02:30:39,78,77.48,-69.36,-3.46,6.64
73,upata,23,VE,2020-04-03 02:30:39,71,8.01,-62.4,75.65,7.96
74,sistranda,75,NO,2020-04-03 02:30:40,85,63.73,8.83,34.0,34.45
75,nimaj,0,IN,2020-04-03 02:30:40,23,26.15,74.0,79.72,10.58
76,yellowknife,90,CA,2020-04-03 02:30:40,77,62.46,-114.35,-0.4,13.87
77,ilulissat,55,GL,2020-04-03 02:30:40,71,69.22,-51.1,5.0,6.93
78,leningradskiy,13,RU,2020-04-03 02:30:40,90,69.38,178.42,8.64,4.09
79,upernavik,92,GL,2020-04-03 02:30:40,91,72.79,-56.15,-4.25,9.93
80,grindavik,0,IS,2020-04-03 02:30:40,62,63.84,-22.43,23.0,4.7
81,bambanglipuro,68,ID,2020-04-03 02:30:41,66,-7.95,110.28,86.27,1.81
82,lerwick,40,GB,2020-04-03 02:30:41,74,60.15,-1.15,33.8,13.87
83,talnakh,40,RU,2020-04-03 02:30:41,96,69.49,88.4,32.0,35.79
84,ostrovnoy,100,RU,2020-04-03 02:30:41,95,68.05,39.51,17.83,9.01
85,santa lucia,40,ES,2020-04-03 02:30:41,72,27.91,-15.54,63.0,5.82
86,nabire,78,ID,2020-04-03 02:30:41,61,-3.37,135.48,87.73,2.66
87,sao filipe,47,CV,2020-04-03 02:30:41,63,14.9,-24.5,76.1,11.03
88,dunedin,14,NZ,2020-04-03 02:30:05,72,-45.87,170.5,57.99,1.01
89,pozo colorado,74,PY,2020-04-03 02:30:42,71,-23.49,-58.8,73.08,9.22
90,klaksvik,97,FO,2020-04-03 02:30:42,79,62.23,-6.59,28.4,18.34
91,uthal,0,PK,2020-04-03 02:30:42,43,25.81,66.62,80.94,1.63
92,nantucket,90,US,2020-04-03 02:30:42,93,41.28,-70.1,43.0,31.09
93,faanui,0,PF,2020-04-03 02:30:42,77,-16.48,-151.75,82.63,12.21
94,newport,90,GB,2020-04-03 02:30:42,100,51.59,-3.0,50.0,8.05
95,jalu,0,LY,2020-04-03 02:30:42,25,29.03,21.55,68.13,13.76
96,onega,100,RU,2020-04-03 02:30:42,94,63.91,38.14,33.49,12.73
97,port lincoln,37,AU,2020-04-03 02:30:42,74,-34.73,135.87,65.46,23.31
98,nelson bay,90,AU,2020-04-03 02:26:27,65,-32.72,152.15,77.0,6.93
99,zhicheng,100,CN,2020-04-03 02:30:42,78,30.3,111.5,55.99,5.06
100,camacha,20,PT,2020-04-03 02:30:42,72,33.08,-16.33,62.6,12.75
101,erenhot,0,CN,2020-04-03 02:30:42,25,43.65,111.98,51.42,15.01
102,kirya,100,TZ,2020-04-03 02:30:43,74,-3.92,37.48,71.47,4.85
103,la romana,0,DO,2020-04-03 02:30:43,79,18.43,-68.97,71.91,3.31
104,portage,1,US,2020-04-03 02:30:43,48,41.17,-81.2,46.4,5.82
105,manaus,20,BR,2020-04-03 02:23:04,100,-3.1,-60.02,77.0,2.24
106,doha,13,QA,2020-04-03 02:30:43,83,25.29,51.53,77.0,5.82
107,paka,40,MY,2020-04-03 02:30:43,83,4.64,103.44,84.2,3.36
108,ponta do sol,75,PT,2020-04-03 02:30:43,77,32.67,-17.1,62.6,11.41
109,kuching,40,MY,2020-04-03 02:28:28,79,1.55,110.33,86.0,3.36
110,smithers,75,CA,2020-04-03 02:30:43,42,54.78,-127.17,26.6,2.24
111,suba,25,PH,2020-04-03 02:30:43,78,10.84,121.01,82.04,17.63
112,thompson,90,CA,2020-04-03 02:30:43,92,55.74,-97.86,26.6,6.93
113,lavrentiya,100,RU,2020-04-03 02:30:44,98,65.58,-171.0,28.24,15.26
114,sisimiut,20,GL,2020-04-03 02:29:38,84,66.94,-53.67,5.27,10.94
115,atuona,6,PF,2020-04-03 02:30:44,80,-9.8,-139.03,82.15,15.7
116,khatanga,100,RU,2020-04-03 02:30:44,94,71.97,102.5,22.41,17.72
117,bose,30,IT,2020-04-03 02:30:44,61,45.46,8.01,42.01,3.36
118,grand gaube,40,MU,2020-04-03 02:30:44,100,-20.01,57.66,75.99,1.12
119,provideniya,90,RU,2020-04-03 02:30:44,86,64.38,-173.3,28.4,13.42
120,calvinia,0,ZA,2020-04-03 02:30:44,30,-31.47,19.78,63.63,8.41
121,yongan,0,CN,2020-04-03 02:30:44,23,39.7,113.69,50.54,8.14
122,mataura,74,NZ,2020-04-03 02:30:44,78,-46.19,168.86,60.01,5.01
123,chokurdakh,78,RU,2020-04-03 02:30:44,90,70.63,147.92,-8.86,7.07
124,hualmay,51,PE,2020-04-03 02:30:44,73,-11.1,-77.61,73.83,7.81
125,pangnirtung,0,CA,2020-04-03 02:30:45,74,66.15,-65.71,-3.55,2.24
126,kamenka,14,RU,2020-04-03 02:30:45,85,51.32,42.77,32.95,5.99
127,portland,75,US,2020-04-03 02:28:19,75,45.52,-122.68,48.2,4.43
128,show low,1,US,2020-04-03 02:30:45,27,34.25,-110.03,57.2,19.46
129,musoma,75,TZ,2020-04-03 02:30:45,88,-1.5,33.8,69.8,6.6
130,salalah,75,OM,2020-04-03 02:30:45,83,17.02,54.09,80.6,4.7
131,kavieng,9,PG,2020-04-03 02:30:45,76,-2.57,150.8,84.13,9.53
132,sayyan,30,YE,2020-04-03 02:30:45,34,15.17,44.32,58.08,0.38
133,horta,43,PT,2020-04-03 02:30:45,86,38.53,-28.63,60.89,14.63
134,chicama,32,PE,2020-04-03 02:30:46,67,-7.84,-79.15,77.22,6.6
135,saint-philippe,75,RE,2020-04-03 02:30:46,88,-21.36,55.77,73.4,3.36
136,kaitangata,13,NZ,2020-04-03 02:30:46,73,-46.28,169.85,57.99,1.01
137,nouakchott,100,MR,2020-04-03 02:30:46,88,18.09,-15.98,68.0,5.82
138,barrow,90,US,2020-04-03 02:30:46,85,71.29,-156.79,19.4,13.87
139,hermanus,0,ZA,2020-04-03 02:30:46,65,-34.42,19.23,66.99,1.01
140,puerto lempira,0,HN,2020-04-03 02:30:46,77,15.27,-83.77,76.91,11.25
141,hovd,0,MN,2020-04-03 02:30:46,34,48.01,91.64,38.82,3.09
142,severo-kurilsk,100,RU,2020-04-03 02:30:46,93,50.68,156.12,32.99,24.2
143,gizo,74,SB,2020-04-03 02:30:46,76,-8.1,156.84,83.53,13.42
144,bhalwal,17,PK,2020-04-03 02:30:46,41,32.27,72.9,69.55,3.4
145,vostok,26,RU,2020-04-03 02:30:46,53,46.49,135.88,34.93,11.72
146,hithadhoo,91,MV,2020-04-03 02:30:17,73,-0.6,73.08,83.95,8.43
147,cotusca,0,RO,2020-04-03 02:30:47,50,48.13,26.85,34.0,9.17
148,marsabit,82,KE,2020-04-03 02:30:47,64,2.33,37.99,68.02,16.2
149,verkhoyansk,62,RU,2020-04-03 02:30:47,84,67.54,133.38,8.85,1.81
150,coquimbo,2,CL,2020-04-03 02:30:47,82,-29.95,-71.34,60.8,5.82
151,hami,0,CN,2020-04-03 02:30:48,17,42.8,93.45,56.75,6.35
152,aranos,27,NA,2020-04-03 02:30:48,51,-24.13,19.12,65.66,9.33
153,vestmannaeyjar,98,IS,2020-04-03 02:30:48,95,63.44,-20.27,29.82,14.9
154,corinto,75,GR,2020-04-03 02:30:48,87,37.94,22.96,51.01,3.36
155,el vigia,48,VE,2020-04-03 02:30:48,67,8.62,-71.65,80.44,0.65
156,goiatuba,71,BR,2020-04-03 02:30:48,73,-18.01,-49.35,69.53,1.83
157,hilo,1,US,2020-04-03 02:30:48,61,19.73,-155.09,80.6,9.17
158,vila velha,94,BR,2020-04-03 02:30:26,83,-20.33,-40.29,78.8,10.29
159,constitucion,31,CL,2020-04-03 02:30:48,50,-35.33,-72.42,61.03,7.09
160,saint-raymond,90,CA,2020-04-03 02:30:48,93,45.47,-73.61,41.0,10.29
161,georgetown,20,MY,2020-04-03 02:27:31,74,5.41,100.34,86.0,3.36
162,teya,100,RU,2020-04-03 02:30:49,86,60.38,92.63,37.26,8.79
163,college,75,US,2020-04-03 02:30:44,47,64.86,-147.8,37.4,2.28
164,butaritari,48,KI,2020-04-03 02:30:49,72,3.07,172.79,83.89,8.43
165,pisco,20,PE,2020-04-03 02:30:49,88,-13.7,-76.22,72.0,12.75
166,naze,75,JP,2020-04-03 02:30:49,60,28.37,129.48,69.8,8.05
167,isangel,100,VU,2020-04-03 02:30:49,88,-19.55,169.27,78.8,5.82
168,mahebourg,40,MU,2020-04-03 02:30:49,100,-20.41,57.7,75.99,1.12
169,iranshahr,0,IR,2020-04-03 02:30:49,59,27.2,60.68,66.2,4.7
170,ouallam,40,NE,2020-04-03 02:30:49,12,14.32,2.09,86.52,12.71
171,bambous virieux,40,MU,2020-04-03 02:30:50,100,-20.34,57.76,75.99,1.12
172,lebu,0,CL,2020-04-03 02:30:50,75,-37.62,-73.65,58.5,16.33
173,batagay-alyta,31,RU,2020-04-03 02:30:50,81,67.8,130.41,6.37,3.89
174,bingol,90,TR,2020-04-03 02:30:50,58,38.88,40.49,41.68,4.59
175,east london,0,ZA,2020-04-03 02:30:50,71,-33.02,27.91,65.3,16.08
176,cuajinicuilapa,0,MX,2020-04-03 02:30:50,78,16.47,-98.42,74.17,1.59
177,sorong,15,ID,2020-04-03 02:30:50,59,-0.88,131.25,88.07,5.26
178,swan hill,73,AU,2020-04-03 02:30:50,41,-35.34,143.55,77.68,16.49
179,xingyi,1,CN,2020-04-03 02:30:50,19,24.19,102.82,74.23,10.8
180,terre haute,1,US,2020-04-03 02:30:00,76,39.47,-87.41,57.99,2.35
181,victoria,40,HK,2020-04-03 02:27:51,83,22.29,114.16,75.99,19.46
182,comodoro rivadavia,54,AR,2020-04-03 02:28:31,48,-45.87,-67.5,66.2,4.7
183,afrikanda,100,RU,2020-04-03 02:30:51,95,67.44,32.78,16.66,7.61
184,ambon,40,ID,2020-04-03 02:30:53,66,-3.7,128.18,87.8,6.93
185,nemuro,0,JP,2020-04-03 02:30:53,37,43.32,145.57,51.8,11.41
186,aswan,0,EG,2020-04-03 02:30:53,29,24.09,32.91,66.2,23.04
187,cocobeach,20,GA,2020-04-03 02:30:53,88,1.0,9.58,82.4,6.93
188,elmadag,75,TR,2020-04-03 02:30:53,93,39.92,33.23,41.0,6.71
189,miyako,4,JP,2020-04-03 02:30:53,48,39.64,141.95,55.94,12.24
190,yulara,3,AU,2020-04-03 02:30:53,25,-25.24,130.99,87.8,3.36
191,luderitz,0,NA,2020-04-03 02:30:53,68,-26.65,15.16,64.4,2.24
192,xining,100,CN,2020-04-03 02:30:54,32,36.62,101.77,34.92,4.52
193,ribeira grande,36,PT,2020-04-03 02:30:54,86,38.52,-28.7,61.02,15.28
194,hofn,12,IS,2020-04-03 02:30:54,83,64.25,-15.21,23.14,11.83
195,tiarei,1,PF,2020-04-03 02:26:43,66,-17.53,-149.33,87.8,17.22
196,tsiroanomandidy,2,MG,2020-04-03 02:30:54,72,-18.77,46.03,65.07,1.97
197,new iberia,1,US,2020-04-03 02:30:54,82,30.0,-91.82,68.0,6.93
198,tadine,100,NC,2020-04-03 02:30:54,82,-21.55,167.88,77.77,18.77
199,kruisfontein,0,ZA,2020-04-03 02:30:54,75,-34.0,24.73,60.93,5.75
200,nadym,97,RU,2020-04-03 02:30:54,95,65.53,72.52,18.41,16.26
201,seminole,1,US,2020-04-03 02:30:54,67,28.71,-81.21,68.0,4.7
202,loding,40,NO,2020-04-03 02:30:54,68,67.3,14.75,28.4,14.99
203,melfi,75,IT,2020-04-03 02:30:54,80,41.0,15.65,41.0,1.12
204,jumla,0,NP,2020-04-03 02:30:55,15,29.27,82.18,51.69,1.63
205,baglung,0,NP,2020-04-03 02:30:55,16,28.27,83.59,71.06,1.61
206,verkhnyaya inta,85,RU,2020-04-03 02:30:55,96,65.98,60.31,20.48,6.85
207,maniitsoq,0,GL,2020-04-03 02:30:55,80,65.42,-52.9,12.6,3.98
208,cabo san lucas,20,MX,2020-04-03 02:30:12,46,22.89,-109.91,73.4,2.24
209,quelimane,22,MZ,2020-04-03 02:30:55,93,-17.88,36.89,72.95,8.41
210,arshan,21,RU,2020-04-03 02:30:55,83,46.27,44.22,35.01,4.21
211,nanortalik,0,GL,2020-04-03 02:30:55,82,60.14,-45.24,24.3,10.6
212,slave lake,40,CA,2020-04-03 02:30:55,77,55.28,-114.77,1.4,4.7
213,vallenar,25,CL,2020-04-03 02:30:55,64,-28.57,-70.76,61.68,0.76
214,phibun mangsahan,0,TH,2020-04-03 02:30:56,70,15.24,105.23,90.0,3.36
215,molchanovo,99,RU,2020-04-03 02:30:56,76,57.58,83.77,38.7,14.43
216,bamiantong,59,CN,2020-04-03 02:30:56,35,44.93,130.53,52.07,17.47
217,dandong,0,CN,2020-04-03 02:30:56,37,40.13,124.39,57.04,8.52
218,ayame,75,CI,2020-04-03 02:30:56,92,5.61,-3.16,76.1,2.57
219,hay river,90,CA,2020-04-03 02:30:56,76,60.82,-115.8,-4.0,11.41
220,souillac,40,MU,2020-04-03 02:30:56,100,-20.52,57.52,75.99,1.12
221,tiksi,26,RU,2020-04-03 02:30:57,90,71.69,128.87,1.0,3.36
222,socorro,5,US,2020-04-03 02:30:57,12,31.65,-106.3,75.2,14.99
223,gold coast,0,AU,2020-04-03 02:27:53,68,-28.0,153.43,89.01,8.01
224,lannion,0,FR,2020-04-03 02:30:57,93,48.75,-3.42,46.99,5.82
225,sitka,1,US,2020-04-03 02:30:57,45,57.05,-135.33,42.8,4.7
226,nioro,13,GM,2020-04-03 02:30:57,27,13.35,-15.75,80.8,3.87
227,seoul,1,KR,2020-04-03 02:30:48,54,37.57,126.98,55.4,3.36
228,burnie,64,AU,2020-04-03 02:30:57,86,-41.07,145.92,64.0,11.01
229,martil,1,MA,2020-04-03 02:30:57,66,35.62,-5.28,55.4,12.75
230,agadez,71,NE,2020-04-03 02:30:57,12,19.75,10.25,80.38,9.71
231,necochea,9,AR,2020-04-03 02:30:57,77,-38.55,-58.74,57.99,5.01
232,kahului,1,US,2020-04-03 02:28:10,58,20.89,-156.47,82.4,19.46
233,celendin,61,PE,2020-04-03 02:30:58,38,-6.87,-78.15,50.83,3.18
234,san patricio,0,MX,2020-04-03 02:30:58,55,19.22,-104.7,75.63,10.78
235,forestville,1,US,2020-04-03 02:30:58,30,38.85,-76.88,57.2,11.41
236,moerai,81,PF,2020-04-03 02:30:58,77,-22.43,-151.33,80.49,8.34
237,tuatapere,92,NZ,2020-04-03 02:30:58,78,-46.13,167.68,60.01,5.01
238,prince rupert,1,CA,2020-04-03 02:30:16,41,54.32,-130.32,39.2,6.93
239,coahuayana,0,MX,2020-04-03 02:30:58,60,18.73,-103.68,73.35,3.56
240,kalabo,50,ZM,2020-04-03 02:30:58,66,-14.97,22.68,64.83,6.69
241,russell,1,US,2020-04-03 02:30:58,81,32.35,-85.2,60.8,3.15
242,vestmanna,84,FO,2020-04-03 02:30:59,79,62.16,-7.17,28.4,18.34
243,nome,90,US,2020-04-03 02:28:56,85,64.5,-165.41,24.8,20.8
244,galle,0,LK,2020-04-03 02:30:59,70,6.04,80.22,81.32,10.13
245,canaries,40,ES,2020-04-03 02:30:59,72,28.0,-15.5,63.0,5.82
246,kjollefjord,100,NO,2020-04-03 02:30:59,89,70.95,27.35,20.39,6.24
247,fort nelson,5,CA,2020-04-03 02:30:59,31,58.81,-122.7,15.8,5.82
248,hasaki,20,JP,2020-04-03 02:30:59,36,35.73,140.83,63.0,9.17
249,husavik,90,IS,2020-04-03 02:31:00,85,66.04,-17.34,17.6,8.05
250,cervo,99,ES,2020-04-03 02:31:00,99,43.67,-7.41,39.0,1.99
251,saint anthony,90,US,2020-04-03 02:31:00,55,45.02,-93.22,60.8,11.41
252,longyearbyen,100,SJ,2020-04-03 02:31:00,84,78.22,15.64,-9.22,8.16
253,nidadavole,0,IN,2020-04-03 02:31:00,57,16.92,81.67,87.13,5.79
254,iturama,77,BR,2020-04-03 02:31:00,80,-19.73,-50.2,72.63,3.27
255,petropavlovsk-kamchatskiy,75,RU,2020-04-03 02:31:01,69,53.05,158.65,35.6,8.95
256,kontagora,69,NG,2020-04-03 02:31:01,43,10.4,5.47,82.71,4.41
257,banda aceh,96,ID,2020-04-03 02:31:01,75,5.56,95.32,84.27,7.36
258,atar,100,MR,2020-04-03 02:31:01,19,20.52,-13.05,72.61,3.62
259,avera,1,US,2020-04-03 02:31:01,87,33.19,-82.53,55.0,0.47
260,ust-kuyga,73,RU,2020-04-03 02:31:01,87,70.02,135.6,3.25,4.63
261,luba,20,GQ,2020-04-03 02:31:02,94,3.46,8.55,78.8,4.7
262,port macquarie,74,AU,2020-04-03 02:31:02,73,-31.43,152.92,84.0,5.82
263,nhulunbuy,20,AU,2020-04-03 02:31:02,58,-12.23,136.77,87.8,10.29
264,puerto colombia,0,CO,2020-04-03 02:31:02,83,10.99,-74.95,80.6,12.75
265,trairi,100,BR,2020-04-03 02:31:02,86,-3.28,-39.27,79.47,8.46
266,konongo,85,GH,2020-04-03 02:31:03,85,6.62,-1.22,74.8,3.47
267,esperance,90,AU,2020-04-03 02:31:03,51,-33.87,121.9,62.6,17.22
268,iqaluit,5,CA,2020-04-03 02:31:03,63,63.75,-68.51,-9.0,10.29
269,gilgit,45,PK,2020-04-03 02:31:04,26,35.92,74.31,47.25,2.86
270,fortuna,75,US,2020-04-03 02:31:04,70,40.6,-124.16,50.0,13.87
271,geraldton,67,AU,2020-04-03 02:31:06,46,-28.77,114.6,71.01,16.11
272,lamu,100,KE,2020-04-03 02:31:06,79,-2.27,40.9,82.22,9.46
273,la tuque,100,CA,2020-04-03 02:31:06,83,47.43,-72.78,39.52,10.16
274,shizunai,0,JP,2020-04-03 02:30:07,66,42.33,142.37,47.41,8.99
275,marienburg,75,PL,2020-04-03 02:31:06,79,54.04,19.03,41.0,24.16
276,berlevag,100,NO,2020-04-03 02:31:06,87,70.86,29.09,22.64,5.55
277,saint george,1,US,2020-04-03 02:27:58,18,37.1,-113.58,60.8,11.41
278,vardo,100,NO,2020-04-03 02:31:07,90,70.37,31.11,25.5,7.18
279,katobu,29,ID,2020-04-03 02:31:07,66,-4.94,122.53,87.62,2.1
280,paamiut,0,GL,2020-04-03 02:31:07,77,61.99,-49.67,18.3,7.45
281,padang,100,ID,2020-04-03 02:31:07,56,-0.95,100.35,88.45,1.86
282,namatanai,25,PG,2020-04-03 02:31:07,73,-3.67,152.43,84.65,11.25
283,nyurba,39,RU,2020-04-03 02:31:07,94,63.28,118.33,19.71,4.68
284,meulaboh,94,ID,2020-04-03 02:31:08,66,4.14,96.13,85.73,2.48
285,koppies,78,ZA,2020-04-03 02:31:08,50,-27.24,27.57,51.13,11.63
286,norman wells,5,CA,2020-04-03 02:31:08,36,65.28,-126.83,15.8,20.8
287,dudinka,40,RU,2020-04-03 02:31:08,98,69.41,86.18,32.0,35.79
288,kavaratti,5,IN,2020-04-03 02:31:08,68,10.57,72.64,83.35,5.23
289,yar-sale,29,RU,2020-04-03 02:31:08,92,66.83,70.83,12.4,15.3
290,golden gate,1,US,2020-04-03 02:31:09,56,26.19,-81.7,73.4,4.7
291,vyshkov,36,RU,2020-04-03 02:31:09,64,52.48,31.69,39.2,11.18
292,baghdad,25,IQ,2020-04-03 02:29:07,62,33.34,44.4,55.4,1.12
293,saskylakh,43,RU,2020-04-03 02:31:09,90,71.92,114.08,6.3,24.54
294,sabang,85,ID,2020-04-03 02:31:10,73,5.89,95.32,84.45,9.17
295,carnarvon,15,AU,2020-04-03 02:31:10,41,-24.87,113.63,78.8,14.99
296,dhidhdhoo,0,MV,2020-04-03 02:31:10,63,6.88,73.1,84.51,9.28
297,mocuba,53,MZ,2020-04-03 02:31:10,94,-16.84,36.99,69.22,5.75
298,khuldabad,0,IN,2020-04-03 02:31:10,53,20.05,75.18,73.4,1.12
299,ranong,20,TH,2020-04-03 02:31:11,66,9.97,98.63,87.8,6.93
300,bayanday,46,RU,2020-04-03 02:31:11,59,53.07,105.51,39.69,4.99
301,saint-honore,90,CA,2020-04-03 02:31:11,93,48.53,-71.08,39.2,5.82
302,prince albert,5,CA,2020-04-03 02:29:57,54,53.2,-105.77,3.2,9.17
303,nara,99,JP,2020-04-03 02:29:22,28,34.69,135.8,61.0,2.24
304,mayskiy,0,RU,2020-04-03 02:31:12,53,47.69,40.1,24.8,4.47
305,new norfolk,75,AU,2020-04-03 02:31:12,55,-42.78,147.06,68.0,8.05
306,qaqortoq,20,GL,2020-04-03 02:31:12,23,60.72,-46.03,24.8,20.8
307,mareeba,40,AU,2020-04-03 02:31:12,58,-17.0,145.43,89.01,9.17
308,dalby,44,AU,2020-04-03 02:31:12,35,-27.18,151.27,87.8,8.05
309,lagoa,4,PT,2020-04-03 02:31:12,88,39.05,-27.98,60.66,8.9
310,bikin,84,RU,2020-04-03 02:31:13,59,46.82,134.26,40.86,8.66
311,coos bay,75,US,2020-04-03 02:31:13,70,43.37,-124.22,48.0,8.05
312,mount isa,62,AU,2020-04-03 02:30:38,28,-20.73,139.5,95.0,13.87
313,ancud,4,CL,2020-04-03 02:31:13,81,-41.87,-73.82,51.8,9.17
314,rio gallegos,40,AR,2020-04-03 02:31:13,51,-51.62,-69.22,59.0,8.05
315,terney,0,RU,2020-04-03 02:31:13,48,45.05,136.61,46.65,7.96
316,cordoba,0,AR,2020-04-03 02:31:14,81,-31.41,-64.18,59.0,8.05
317,kalaleh,90,IR,2020-04-03 02:31:14,93,37.38,55.49,57.2,6.93
318,basoko,67,CD,2020-04-03 02:31:14,87,1.24,23.62,72.75,2.48
319,gamba,100,GA,2020-04-03 02:31:14,89,-2.65,10.0,79.79,8.77
320,beaucaire,0,FR,2020-04-03 02:31:14,86,43.81,4.64,44.01,6.93
321,sampit,79,ID,2020-04-03 02:31:14,84,-2.53,112.95,84.22,2.93
322,gazanjyk,92,TM,2020-04-03 02:31:15,67,39.24,55.52,57.38,13.6
323,inhambane,56,MZ,2020-04-03 02:31:15,78,-23.86,35.38,74.46,13.51
324,luau,100,AO,2020-04-03 02:31:15,70,-10.71,22.22,65.61,4.29
325,chapada dos guimaraes,22,BR,2020-04-03 02:31:15,74,-15.46,-55.75,82.4,2.24
326,catabola,100,AO,2020-04-03 02:31:15,63,-12.15,17.28,62.17,1.7
327,coromandel,24,BR,2020-04-03 02:31:15,73,-18.47,-47.2,66.07,0.92
328,whitianga,3,NZ,2020-04-03 02:31:16,61,-36.83,175.7,65.91,2.53
329,nanakuli,75,US,2020-04-03 02:31:17,78,21.39,-158.15,82.4,9.17
330,honiara,90,SB,2020-04-03 02:30:17,83,-9.43,159.95,84.2,6.93
331,kerikeri,0,NZ,2020-04-03 02:31:17,73,-35.23,173.95,71.01,5.99
332,alice springs,24,AU,2020-04-03 02:30:42,54,-23.7,133.88,84.2,9.17
333,oussouye,47,SN,2020-04-03 02:31:18,61,12.48,-16.55,73.31,6.04
334,gravdal,100,NO,2020-04-03 02:31:18,90,68.12,13.5,31.51,19.57
335,biscarrosse,0,FR,2020-04-03 02:31:18,75,44.39,-1.17,42.01,5.82
336,hecun,0,CN,2020-04-03 02:31:18,20,36.53,114.11,66.72,3.8
337,jeremie,13,HT,2020-04-03 02:31:19,76,18.65,-74.12,76.14,3.06
338,caravelas,30,BR,2020-04-03 02:31:19,85,-17.71,-39.25,78.62,12.55
339,te anau,69,NZ,2020-04-03 02:31:19,56,-45.42,167.72,63.75,2.15
340,urucui,82,BR,2020-04-03 02:31:19,85,-7.23,-44.56,76.01,2.8
341,rocha,95,UY,2020-04-03 02:27:10,78,-34.48,-54.33,63.64,23.85
342,lasa,40,IT,2020-04-03 02:31:19,86,46.62,10.7,34.0,3.36
343,batagay,7,RU,2020-04-03 02:31:20,86,67.63,134.63,9.52,1.3
344,muros,0,ES,2020-04-03 02:31:20,93,42.78,-9.06,52.0,3.36
345,alekseyevka,4,RU,2020-04-03 02:31:20,81,50.63,38.69,34.45,5.73
346,guozhen,100,CN,2020-04-03 02:31:20,40,34.37,107.36,55.78,1.34
347,cheremukhovo,0,RU,2020-04-03 02:31:20,94,60.35,59.99,27.32,7.43
348,suluq,65,LY,2020-04-03 02:31:21,34,31.67,20.25,67.17,19.48
349,cidreira,26,BR,2020-04-03 02:31:21,63,-30.18,-50.21,65.97,29.55
350,katherine,3,AU,2020-04-03 02:31:21,55,-14.47,132.27,91.4,11.41
351,touros,75,BR,2020-04-03 02:31:22,100,-5.2,-35.46,75.2,3.36
352,peniche,20,PT,2020-04-03 02:31:22,93,39.36,-9.38,52.0,3.36
353,coihaique,44,CL,2020-04-03 02:31:22,76,-45.58,-72.07,48.2,4.7
354,logrono,19,ES,2020-04-03 02:30:05,86,42.47,-2.45,39.2,9.17
355,skovorodino,1,RU,2020-04-03 02:29:39,79,53.98,123.92,23.97,14.5
356,olinda,75,BR,2020-04-03 02:31:22,94,-8.01,-34.86,77.0,5.82
357,zubtsov,63,RU,2020-04-03 02:31:22,84,56.18,34.59,34.23,15.35
358,talakan,100,RU,2020-04-03 02:31:23,81,50.32,130.37,30.72,9.84
359,liuhe,5,CN,2020-04-03 02:31:23,29,42.24,125.72,55.96,17.63
360,akhaldaba,40,GE,2020-04-03 02:31:23,76,41.65,42.15,48.2,3.36
361,topeka,90,US,2020-04-03 02:31:00,70,39.05,-95.68,64.4,16.11
362,zapolyarnyy,96,RU,2020-04-03 02:31:23,93,69.42,30.81,9.18,2.51
363,whitehorse,5,CA,2020-04-03 02:29:06,30,60.72,-135.05,30.2,8.05
364,inuvik,5,CA,2020-04-03 02:29:54,36,68.35,-133.72,15.8,19.46
365,zhigansk,84,RU,2020-04-03 02:31:24,91,66.77,123.37,6.19,2.53
366,along,84,IN,2020-04-03 02:31:24,52,28.17,94.77,68.81,2.84
367,hit,88,IQ,2020-04-03 02:31:24,53,33.64,42.83,62.87,4.03
368,saint-georges,20,GD,2020-04-03 02:31:24,83,12.06,-61.75,80.6,17.22
369,aklavik,5,CA,2020-04-03 02:31:24,36,68.22,-135.01,15.8,19.46
370,kota tinggi,40,MY,2020-04-03 02:31:24,88,1.74,103.9,82.0,6.93
371,morehead,1,US,2020-04-03 02:31:24,76,37.27,-87.18,57.2,5.32
372,oktyabrskiy,53,RU,2020-04-03 02:31:24,94,54.48,53.47,29.82,8.12
373,manokwari,20,ID,2020-04-03 02:31:25,67,-0.87,134.08,85.77,7.34
374,abha,39,SA,2020-04-03 02:31:25,55,18.22,42.51,60.8,0.56
375,terrace,75,CA,2020-04-03 02:31:02,31,54.52,-128.6,37.0,10.29
376,san jose de gracia,1,MX,2020-04-03 02:31:25,21,20.67,-102.58,68.36,4.25
377,bolgatanga,4,GH,2020-04-03 02:31:25,38,10.79,-0.85,90.48,8.57
378,kutum,57,SD,2020-04-03 02:31:25,16,14.2,24.67,70.68,8.9
379,vanimo,100,PG,2020-04-03 02:31:25,79,-2.67,141.3,83.3,13.96
380,khani,18,GE,2020-04-03 02:31:25,87,41.96,42.96,42.8,11.41
381,erdenet,0,MN,2020-04-03 02:31:26,26,49.03,104.08,46.92,3.89
382,alta floresta,94,BR,2020-04-03 02:31:26,89,-9.88,-56.09,73.36,2.62
383,hazorasp,62,UZ,2020-04-03 02:31:26,87,41.32,61.07,55.4,4.7
384,ialibu,40,PG,2020-04-03 02:31:26,64,-6.28,143.99,75.2,11.41
385,san carlos de bariloche,0,AR,2020-04-03 02:30:50,61,-41.15,-71.31,53.01,6.93
386,smidovich,87,RU,2020-04-03 02:31:26,54,48.6,133.82,39.88,12.48
387,maksatikha,99,RU,2020-04-03 02:31:27,81,57.8,35.88,35.31,12.82
388,avallon,82,FR,2020-04-03 02:31:27,72,47.48,3.9,37.38,2.01
389,labytnangi,39,RU,2020-04-03 02:31:27,91,66.66,66.42,9.68,8.25
390,bretigny-sur-orge,90,FR,2020-04-03 02:31:27,81,48.61,2.31,46.4,4.7
391,sabha,81,LY,2020-04-03 02:31:27,18,27.04,14.43,71.85,15.61
392,labuhan,34,ID,2020-04-03 02:31:27,64,-6.88,112.21,89.13,1.83
393,ossora,61,RU,2020-04-03 02:31:27,90,59.24,163.07,22.21,8.9
394,eyl,28,SO,2020-04-03 02:31:27,75,7.98,49.82,79.32,12.24
395,pasighat,81,IN,2020-04-03 02:31:27,43,28.07,95.33,76.91,3.44
396,tiznit,56,MA,2020-04-03 02:31:28,61,29.58,-9.5,53.87,1.72
397,taltal,22,CL,2020-04-03 02:31:28,78,-25.4,-70.48,62.85,0.85
398,tucuman,70,AR,2020-04-03 02:27:11,88,-26.82,-65.22,62.6,6.93
399,north bend,75,US,2020-04-03 02:31:28,70,43.41,-124.22,48.0,8.05
400,quixada,81,BR,2020-04-03 02:31:29,91,-4.97,-39.02,74.03,2.08
401,troitskoye,75,RU,2020-04-03 02:31:29,84,52.98,84.68,40.15,6.62
402,roald,100,NO,2020-04-03 02:31:29,79,62.58,6.13,36.0,21.92
403,hamilton,1,US,2020-04-03 02:30:07,76,39.18,-84.53,53.01,1.83
404,yumen,8,CN,2020-04-03 02:31:30,24,40.28,97.2,45.16,14.09
405,valparaiso,0,CL,2020-04-03 02:30:43,87,-33.04,-71.63,55.4,4.7
406,syracuse,75,IT,2020-04-03 02:31:30,71,37.09,15.28,53.6,5.82
407,ambulu,19,ID,2020-04-03 02:31:30,65,-8.35,113.61,85.96,1.68
408,sicula,0,RO,2020-04-03 02:31:30,80,46.43,21.75,32.0,3.36
409,codrington,0,AU,2020-04-03 02:31:30,49,-38.27,141.97,72.16,16.87
410,moron,3,AR,2020-04-03 02:28:00,76,-34.65,-58.62,62.6,4.7
411,miles city,1,US,2020-04-03 02:31:31,72,46.41,-105.84,18.0,4.7
412,buritama,29,BR,2020-04-03 02:31:31,80,-21.07,-50.15,72.99,4.52
413,sao jose da coroa grande,100,BR,2020-04-03 02:31:31,80,-8.9,-35.15,80.69,3.74
414,beyneu,100,KZ,2020-04-03 02:31:31,84,45.32,55.2,54.99,14.97
415,puerto carreno,87,CO,2020-04-03 02:31:32,73,6.19,-67.49,81.43,6.06
416,novobirilyussy,94,RU,2020-04-03 02:31:32,84,56.95,90.67,43.95,9.71
417,monclova,89,MX,2020-04-03 02:31:32,51,26.9,-101.42,80.01,1.99
418,omsukchan,99,RU,2020-04-03 02:31:33,86,62.53,155.8,13.37,8.93
419,komsomolskiy,44,UZ,2020-04-03 02:31:33,71,40.43,71.72,53.6,4.7
420,yerbogachen,93,RU,2020-04-03 02:31:33,91,61.28,108.01,26.62,12.77
421,egvekinot,100,RU,2020-04-03 02:31:33,88,66.32,-179.17,13.8,5.97
422,bjelovar,0,HR,2020-04-03 02:31:33,86,45.9,16.85,28.4,3.36
423,cayenne,75,GF,2020-04-03 02:31:34,100,4.93,-52.33,77.0,2.98
424,beringovskiy,64,RU,2020-04-03 02:31:34,94,63.05,179.32,17.58,15.75
425,boa vista,40,BR,2020-04-03 02:31:34,58,2.82,-60.67,86.0,11.41
426,san quintin,36,MX,2020-04-03 02:31:34,77,30.48,-115.95,58.91,15.59
427,bjornevatn,100,NO,2020-04-03 02:31:34,90,69.67,29.98,14.5,2.57
428,maneadero,0,MX,2020-04-03 02:29:58,77,31.72,-116.57,57.99,1.01
429,ilorin,100,NG,2020-04-03 02:31:35,83,8.5,4.55,80.6,5.82
430,adre,78,TD,2020-04-03 02:31:35,14,13.47,22.2,76.86,10.87
431,liku,35,ID,2020-04-03 02:31:35,59,-0.73,119.89,87.85,2.3
432,arlit,24,NE,2020-04-03 02:31:35,10,18.74,7.39,80.64,10.04
433,khasan,0,RU,2020-04-03 02:31:35,41,42.43,130.64,52.65,8.77
434,lar,0,IN,2020-04-03 02:31:35,14,26.2,83.97,86.38,15.43
435,bontang,0,ID,2020-04-03 02:31:36,67,0.13,117.5,85.84,11.21
436,tokur,100,RU,2020-04-03 02:31:36,88,53.13,132.9,20.7,10.63
437,swedru,99,GH,2020-04-03 02:31:36,88,5.54,-0.7,80.6,8.05
438,delta,97,NG,2020-04-03 02:31:36,93,5.5,6.0,77.9,2.68
439,ahuimanu,40,US,2020-04-03 02:31:36,58,21.44,-157.84,82.4,10.29
440,alofi,98,NU,2020-04-03 02:31:36,94,-19.06,-169.92,78.8,10.29
441,solnechnyy,100,RU,2020-04-03 02:31:36,85,50.72,136.63,30.04,11.05
442,walvis bay,0,NA,2020-04-03 02:31:36,58,-22.96,14.51,64.72,0.36
443,mehamn,98,NO,2020-04-03 02:31:36,89,71.04,27.85,18.64,5.66
444,normandin,90,CA,2020-04-03 02:31:37,86,48.83,-72.53,41.0,5.82
445,bathsheba,20,BB,2020-04-03 02:31:37,74,13.22,-59.52,78.8,13.87
446,vila,1,PT,2020-04-03 02:31:37,81,42.03,-8.16,52.0,1.12
447,parfenyevo,100,RU,2020-04-03 02:31:37,90,58.48,43.41,33.28,11.36
448,anakapalle,20,IN,2020-04-03 02:28:15,83,17.68,83.02,80.6,2.24
449,deputatskiy,73,RU,2020-04-03 02:31:37,83,69.3,139.9,-2.24,3.85
450,det udom,0,TH,2020-04-03 02:31:38,70,14.91,105.08,90.0,3.36
451,asyut,0,EG,2020-04-03 02:31:38,44,27.18,31.18,57.2,6.93
452,haapiti,0,PF,2020-04-03 02:31:38,66,-17.57,-149.87,87.8,17.22
453,piranhas,7,BR,2020-04-03 02:31:38,67,-16.43,-51.82,73.8,1.3
454,puerto escondido,5,MX,2020-04-03 02:30:50,83,15.85,-97.07,80.6,6.93
455,roma,40,US,2020-04-03 02:27:06,60,43.21,-75.46,44.01,9.17
456,vancouver,75,CA,2020-04-03 02:27:23,70,49.25,-123.12,46.4,4.7
457,bilma,0,NE,2020-04-03 02:31:38,16,18.69,12.92,82.08,4.52
458,apomu,97,NG,2020-04-03 02:31:38,88,7.33,4.18,76.08,2.68
459,los llanos de aridane,20,ES,2020-04-03 02:31:39,72,28.66,-17.92,66.2,8.05
460,kabanjahe,40,ID,2020-04-03 02:31:39,88,3.1,98.49,82.4,3.36
461,quba,30,AZ,2020-04-03 02:31:39,68,41.36,48.52,37.53,3.74
462,samarai,83,PG,2020-04-03 02:31:39,66,-10.62,150.67,85.46,12.55
463,akdepe,90,TM,2020-04-03 02:31:39,87,42.06,59.38,57.2,9.17
464,mtambile,100,TZ,2020-04-03 02:31:39,72,-5.38,39.7,82.65,9.33
465,rodos,20,GR,2020-04-03 02:29:34,62,36.44,28.22,55.4,13.87
466,roebourne,1,AU,2020-04-03 02:31:40,26,-20.78,117.13,93.02,1.43
467,znamenskoye,1,RU,2020-04-03 02:31:41,93,57.13,73.83,30.16,9.82
468,saldanha,0,ZA,2020-04-03 02:31:41,52,-33.01,17.94,69.8,5.82
469,plettenberg bay,0,ZA,2020-04-03 02:31:41,53,-34.05,23.37,67.82,5.26
470,adrar,97,MR,2020-04-03 02:31:41,18,20.5,-10.07,73.98,4.03
471,staryy nadym,97,RU,2020-04-03 02:31:41,94,65.61,72.68,18.39,15.93
472,boali,36,CF,2020-04-03 02:31:41,78,4.8,18.13,82.4,2.24
473,lata,20,PT,2020-04-03 02:31:41,93,40.16,-8.33,53.01,3.36
474,kashan,100,IR,2020-04-03 02:31:41,33,33.98,51.44,60.3,8.39
475,sao desiderio,99,BR,2020-04-03 02:31:42,76,-12.36,-44.97,72.05,0.87
476,zhezkazgan,75,KZ,2020-04-03 02:31:42,93,47.8,67.71,37.4,4.47
477,menongue,100,AO,2020-04-03 02:31:42,64,-14.66,17.69,63.86,3.13
478,richards bay,64,ZA,2020-04-03 02:31:42,77,-28.78,32.04,65.21,5.46
479,rio grande,94,BR,2020-04-03 02:31:02,65,-32.03,-52.1,67.15,33.08
480,oranjemund,0,NA,2020-04-03 02:31:42,59,-28.55,16.43,64.09,2.48
481,emerald,40,AU,2020-04-03 02:31:42,43,-23.53,148.17,88.0,5.82
482,sorland,100,NO,2020-04-03 02:31:42,89,67.67,12.69,31.57,24.2
483,poya,68,NC,2020-04-03 02:31:42,82,-21.35,165.15,78.55,16.67
484,inongo,100,CD,2020-04-03 02:31:42,88,-1.95,18.27,73.92,3.24
485,kochi,11,IN,2020-04-03 02:31:25,83,9.94,76.26,82.4,4.7
486,bonfim,66,BR,2020-04-03 02:31:43,55,3.08,-59.95,83.41,9.28
487,jurm,41,AF,2020-04-03 02:31:43,21,36.86,70.83,49.17,5.28
488,makat,100,KZ,2020-04-03 02:31:43,72,47.65,53.35,40.28,18.1
489,outlook,0,CA,2020-04-03 02:31:44,68,51.5,-107.05,10.99,5.88
490,shimoda,75,JP,2020-04-03 02:31:44,41,34.67,138.95,59.0,3.36
491,shanhetun,88,CN,2020-04-03 02:31:44,33,44.7,127.2,55.78,21.79
492,aras,21,ES,2020-04-03 02:31:44,86,42.56,-2.36,41.0,9.17
493,yanam,0,IN,2020-04-03 02:31:44,65,16.73,82.22,85.26,6.33
494,udachnyy,40,RU,2020-04-03 02:31:44,52,66.42,112.4,15.8,11.18
495,winschoten,40,NL,2020-04-03 02:31:45,80,53.14,7.03,42.01,5.82
496,gornopravdinsk,61,RU,2020-04-03 02:31:45,96,60.05,69.9,29.01,12.17
497,olafsvik,0,IS,2020-04-03 02:31:45,85,64.89,-23.71,28.69,16.06
498,lodja,100,CD,2020-04-03 02:31:45,85,-3.48,23.43,70.86,2.57
499,vanavara,60,RU,2020-04-03 02:31:45,87,60.34,102.28,33.64,10.13
500,marzuq,0,YE,2020-04-03 02:31:46,39,14.4,46.47,69.87,2.51
501,fengzhen,0,CN,2020-04-03 02:31:46,24,40.44,113.15,49.32,8.88
502,kisangani,96,CD,2020-04-03 02:31:46,87,0.52,25.2,72.03,2.59
503,notre-dame-du-lac,90,CA,2020-04-03 02:31:46,80,47.61,-68.8,43.0,19.46
504,shiyan,100,CN,2020-04-03 02:31:46,56,32.65,110.78,58.1,2.04
505,ahipara,0,NZ,2020-04-03 02:31:47,61,-35.17,173.17,67.84,7.02
506,awbari,99,LY,2020-04-03 02:31:47,17,26.59,12.78,72.68,12.35
507,dali,30,CN,2020-04-03 02:31:47,18,25.7,100.18,67.48,8.86
508,waingapu,1,ID,2020-04-03 02:31:47,63,-9.66,120.26,86.76,6.31
509,sao joao da barra,45,BR,2020-04-03 02:31:47,91,-21.64,-41.05,76.84,10.63
510,sibolga,100,ID,2020-04-03 02:27:24,68,1.74,98.78,82.94,1.79
511,santiago del estero,4,AR,2020-04-03 02:31:47,65,-27.8,-64.26,61.07,6.26
512,morgantown,1,US,2020-04-03 02:31:48,36,39.63,-79.96,51.8,6.93
513,kununurra,31,AU,2020-04-03 02:31:48,52,-15.77,128.73,93.2,3.36
514,tonj,28,SS,2020-04-03 02:31:48,59,7.27,28.68,77.14,2.51
515,mutoko,2,ZW,2020-04-03 02:31:48,64,-17.4,32.23,56.25,5.14
516,abalak,10,RU,2020-04-03 02:31:48,94,58.13,68.59,30.2,11.32
517,mantua,0,IT,2020-04-03 02:31:48,74,45.17,10.78,39.99,5.82
518,missoula,75,US,2020-04-03 02:31:48,74,47.02,-113.8,36.0,5.82
519,rudbar,3,AF,2020-04-03 02:29:37,20,30.15,62.6,74.12,2.71
520,belchatow,72,PL,2020-04-03 02:31:49,59,51.37,19.36,37.99,10.29
521,farafangana,63,MG,2020-04-03 02:31:49,80,-22.82,47.83,73.06,15.1
522,sinnamary,100,GF,2020-04-03 02:31:49,84,5.38,-52.95,77.72,4.45
523,havoysund,40,NO,2020-04-03 02:31:49,73,71.0,24.66,19.4,11.41
524,miraflores,90,MX,2020-04-03 02:31:49,35,19.22,-98.81,75.0,17.22
525,peebles,53,GB,2020-04-03 02:31:49,86,55.65,-3.19,37.99,4.7
526,lubango,100,AO,2020-04-03 02:31:49,44,-14.92,13.49,61.48,1.99
527,narsaq,20,GL,2020-04-03 02:31:50,23,60.92,-46.05,24.8,20.8
528,juba,72,SS,2020-04-03 02:31:50,51,4.85,31.58,78.62,3.96
529,palmer,90,US,2020-04-03 02:31:50,86,42.16,-72.33,42.8,10.29
530,yenagoa,100,NG,2020-04-03 02:31:50,91,4.92,6.26,79.03,4.09
531,san pedro,20,PH,2020-04-03 02:31:50,52,14.35,121.02,91.99,5.82
532,fredericton,90,CA,2020-04-03 02:31:50,93,45.95,-66.67,41.0,23.04
533,severnyy,0,RU,2020-04-03 02:31:51,47,50.68,36.55,33.8,4.47
534,scottsbluff,1,US,2020-04-03 02:31:22,72,41.87,-103.67,17.6,13.87
535,manthani,21,IN,2020-04-03 02:31:51,41,18.65,79.67,88.3,7.18
536,augusto correa,99,BR,2020-04-03 02:31:51,93,-1.02,-46.63,77.5,2.84
537,sao jose do calcado,2,BR,2020-04-03 02:31:51,82,-21.03,-41.65,71.26,5.1
538,springbok,0,ZA,2020-04-03 02:31:52,31,-29.66,17.89,64.54,9.13
539,gat,0,IL,2020-04-03 02:31:52,87,31.61,34.76,53.01,2.24
540,parabel,28,RU,2020-04-03 02:31:52,84,58.7,81.48,33.96,15.75
541,lixourion,99,GR,2020-04-03 02:31:52,68,38.2,20.43,46.99,3.0
542,qiryat shemona,10,IL,2020-04-03 02:31:53,50,33.21,35.57,57.2,4.7
